{
  "name": "Yu-Gi-Oh",
  "menuBackgroundImage": "https://valcur.github.io/TCG-Arena-Yugioh/Images/banner.jpg",
  "defaultRessources": {
    "backgrounds": [
      "https://valcur.github.io/TCG-Arena-Yugioh/Images/1.jpg",
      "https://valcur.github.io/TCG-Arena-Yugioh/Images/2.jpg",
      "https://valcur.github.io/TCG-Arena-Yugioh/Images/3.jpg",
      "https://valcur.github.io/TCG-Arena-Yugioh/Images/4.jpg",
      "https://valcur.github.io/TCG-Arena-Yugioh/Images/5.jpg"
    ],
    "decksUrl": "https://valcur.github.io/TCG-Arena-Yugioh/Yu-Gi-OhDecks.json"
  },
  "customHelp": "Extra monsters are on the left as I'm missing place to put them on the front. To place a monster in defense faced down, drag the card and press Z key before dropping it to the desired location, then click it to rotate it 90 degrees. Your extra deck is in your 'Removed hidden' section.",
  "cardRotation": 90,
  "cards": {
    "dataUrl": "https://valcur.github.io/TCG-Arena-Yugioh/YugiohCards.json",
    "cardBack": "https://static.wikia.nocookie.net/yugioh/images/9/95/SlifertheSkyDragon-GBI-AE-Back.png"
  },
  "deckBuilding": {
    "mainFilters": [
      "type",
      "archetype",
      "level"
    ],
    "formats": [
      {
        "title": "Classic",
        "gameplay": "Classic",
        "customCategories": [
          "Extra deck"
        ]
      }
    ]
  },
  "gameplay": {
    "Classic": {
      "mulligan": {
        "info": "",
        "startingHandSize": "5",
        "drawNewHand": false,
        "putSelectionAtBottom": false,
        "drawNewSelectedCards": false
      },
      "newTurn": {
        "drawOnStart": false,
        "sharedTurn": false,
        "firstPlayerTokenName": "",
        "drawPerTurn": 1
      },
      "defaultNotes": "",
      "tokens": [],
      "countersStartingValues": [
        "8000"
      ],
      "hideFacedDownCards": false,
      "sections": {
        "customSections": [
          "Monsters_1",
          "Monsters_2",
          "Monsters_3",
          "Monsters_4",
          "Monsters_5",
          "Spells_1",
          "Spells_2",
          "Spells_3",
          "Spells_4",
          "Spells_5",
          "Extra_Monster_1",
          "Extra_Monster_2",
          "Field"
        ],
        "layout": {
          "direction": "row",
          "isSymetricalForOpponents": true,
          "content": [
            {
              "direction": "column",
              "style": {
                "width": "32vh",
                "marginRight": "8vh"
              },
              "content": [
                {
                  "direction": "row",
                  "isSymetricalForOpponents": true,
                  "style": false,
                  "content": [
                    {
                      "section": "Extra_Monster_1",
                      "style": false
                    },
                    {
                      "section": "Extra_Monster_2",
                      "style": false
                    }
                  ]
                },
                {
                  "section": "Field",
                  "style": false
                }
              ],
              "isSymetricalForOpponents": false
            },
            {
              "direction": "column",
              "style": false,
              "content": [
                {
                  "direction": "row",
                  "style": false,
                  "content": [
                    {
                      "section": "Monsters_1",
                      "style": false
                    },
                    {
                      "section": "Monsters_2",
                      "style": false
                    },
                    {
                      "section": "Monsters_3",
                      "style": false
                    },
                    {
                      "section": "Monsters_4",
                      "style": false
                    },
                    {
                      "section": "Monsters_5",
                      "style": false
                    }
                  ],
                  "isSymetricalForOpponents": false
                },
                {
                  "direction": "row",
                  "style": false,
                  "content": [
                    {
                      "section": "Spells_1",
                      "style": false
                    },
                    {
                      "section": "Spells_2",
                      "style": false
                    },
                    {
                      "section": "Spells_3",
                      "style": false
                    },
                    {
                      "section": "Spells_4",
                      "style": false
                    },
                    {
                      "section": "Spells_5",
                      "style": false
                    }
                  ],
                  "isSymetricalForOpponents": false
                }
              ],
              "isSymetricalForOpponents": false
            }
          ]
        },
        "categoriesAlreadyOnBoard": [
          "Extra deck->ExileHidden"
        ],
        "autoPlayFromHand": {},
        "autoPlayFromStack": {
          "Trap": "Discard",
          "Spell": "Discard"
        },
        "sectionsDict": {
          "Spells_1": {
            "title": "Spells_1",
            "isHidden": "yes",
            "height": "SMALL",
            "alignment": "CENTER",
            "opponentAlignment": false,
            "noAutoPayTo": "true",
            "isHorizontalAllowed": false,
            "displayedTitle": "Spell/Trap",
            "enterTapped": false,
            "isGroupForbidden": false,
            "keepTappedNewTurn": true,
            "showHiddenCardInHistory": false,
            "noQuickActions": true
          },
          "Spells_2": {
            "title": "Spells_2",
            "isHidden": "yes",
            "height": "SMALL",
            "alignment": "CENTER",
            "opponentAlignment": false,
            "noAutoPayTo": "true",
            "isHorizontalAllowed": false,
            "displayedTitle": "Spell/Trap",
            "enterTapped": false,
            "isGroupForbidden": false,
            "keepTappedNewTurn": true,
            "showHiddenCardInHistory": false,
            "noQuickActions": true
          },
          "Spells_3": {
            "title": "Spells_3",
            "isHidden": "yes",
            "height": "SMALL",
            "alignment": "CENTER",
            "opponentAlignment": false,
            "noAutoPayTo": "true",
            "isHorizontalAllowed": false,
            "displayedTitle": "Spell/Trap",
            "enterTapped": false,
            "isGroupForbidden": false,
            "keepTappedNewTurn": true,
            "showHiddenCardInHistory": false,
            "noQuickActions": true
          },
          "Spells_4": {
            "title": "Spells_4",
            "isHidden": "yes",
            "height": "SMALL",
            "alignment": "CENTER",
            "opponentAlignment": false,
            "noAutoPayTo": "true",
            "isHorizontalAllowed": false,
            "displayedTitle": "Spell/Trap",
            "enterTapped": false,
            "isGroupForbidden": false,
            "keepTappedNewTurn": true,
            "showHiddenCardInHistory": false,
            "noQuickActions": true
          },
          "Spells_5": {
            "title": "Spells_5",
            "isHidden": "yes",
            "height": "SMALL",
            "alignment": "CENTER",
            "opponentAlignment": false,
            "noAutoPayTo": "true",
            "isHorizontalAllowed": false,
            "displayedTitle": "Spell/Trap",
            "enterTapped": false,
            "isGroupForbidden": false,
            "keepTappedNewTurn": true,
            "showHiddenCardInHistory": false,
            "noQuickActions": true
          },
          "Monsters_1": {
            "title": "Monsters_1",
            "isHidden": "no",
            "height": "MEDIUM",
            "alignment": "CENTER",
            "opponentAlignment": false,
            "noAutoPayTo": false,
            "isHorizontalAllowed": true,
            "displayedTitle": "Monster",
            "noQuickActions": true,
            "enterTapped": false,
            "isGroupForbidden": false,
            "keepTappedNewTurn": true,
            "showHiddenCardInHistory": false
          },
          "Monsters_2": {
            "title": "Monsters_2",
            "isHidden": "no",
            "height": "MEDIUM",
            "alignment": "CENTER",
            "opponentAlignment": false,
            "noAutoPayTo": false,
            "isHorizontalAllowed": true,
            "displayedTitle": "Monster",
            "noQuickActions": true,
            "enterTapped": false,
            "isGroupForbidden": false,
            "keepTappedNewTurn": true,
            "showHiddenCardInHistory": false
          },
          "Monsters_3": {
            "title": "Monsters_3",
            "isHidden": "no",
            "height": "MEDIUM",
            "alignment": "CENTER",
            "opponentAlignment": false,
            "noAutoPayTo": false,
            "isHorizontalAllowed": true,
            "displayedTitle": "Monster",
            "noQuickActions": true,
            "enterTapped": false,
            "isGroupForbidden": false,
            "keepTappedNewTurn": true,
            "showHiddenCardInHistory": false
          },
          "Monsters_4": {
            "title": "Monsters_4",
            "isHidden": "no",
            "height": "MEDIUM",
            "alignment": "CENTER",
            "opponentAlignment": false,
            "noAutoPayTo": false,
            "isHorizontalAllowed": true,
            "displayedTitle": "Monster",
            "noQuickActions": true,
            "enterTapped": false,
            "isGroupForbidden": false,
            "keepTappedNewTurn": true,
            "showHiddenCardInHistory": false
          },
          "Monsters_5": {
            "title": "Monsters_5",
            "isHidden": "no",
            "height": "MEDIUM",
            "alignment": "CENTER",
            "opponentAlignment": false,
            "noAutoPayTo": false,
            "isHorizontalAllowed": true,
            "displayedTitle": "Monster",
            "noQuickActions": true,
            "enterTapped": false,
            "isGroupForbidden": false,
            "keepTappedNewTurn": true,
            "showHiddenCardInHistory": false
          },
          "Extra_Monster_1": {
            "title": "Extra_Monster_1",
            "isHidden": "no",
            "height": "MEDIUM",
            "alignment": "CENTER",
            "opponentAlignment": false,
            "noAutoPayTo": false,
            "isHorizontalAllowed": true,
            "displayedTitle": "Extra monster 1",
            "noQuickActions": true,
            "enterTapped": false,
            "isGroupForbidden": false,
            "keepTappedNewTurn": true,
            "showHiddenCardInHistory": false
          },
          "Extra_Monster_2": {
            "title": "Extra_Monster_2",
            "isHidden": "no",
            "height": "MEDIUM",
            "alignment": "CENTER",
            "opponentAlignment": false,
            "noAutoPayTo": false,
            "isHorizontalAllowed": true,
            "displayedTitle": "Extra monster 2",
            "noQuickActions": true,
            "enterTapped": false,
            "isGroupForbidden": false,
            "keepTappedNewTurn": true,
            "showHiddenCardInHistory": false
          },
          "Field": {
            "title": "Field",
            "isHidden": "no",
            "height": "SMALL",
            "alignment": "CENTER",
            "opponentAlignment": false,
            "noAutoPayTo": false,
            "isHorizontalAllowed": true,
            "displayedTitle": "Field",
            "noQuickActions": true,
            "enterTapped": false,
            "isGroupForbidden": false,
            "keepTappedNewTurn": true,
            "showHiddenCardInHistory": false
          }
        }
      }
    }
  }
}