[
  {
    "title": "Starter deck: Yugi",
    "id": "Starter deck: Yugi",
    "game": "Yu-Gi-Oh",
    "format": "Classic",
    "cardCount": 50,
    "createdAt": "2025-04-21T14:01:10.188Z",
    "lastModifiedAt": "2025-04-21T14:01:36.493Z",
    "deckList": {
      "categoriesOrder": [
        "Spell",
        "Trap",
        "Monster"
      ],
      "Spell": [
        {
          "count": 1,
          "id": 4031928
        },
        {
          "count": 1,
          "id": 19159413
        },
        {
          "count": 1,
          "id": 37120512
        },
        {
          "count": 1,
          "id": 51482758
        },
        {
          "count": 1,
          "id": 53129443
        },
        {
          "count": 1,
          "id": 59197169
        },
        {
          "count": 1,
          "id": 66788016
        },
        {
          "count": 1,
          "id": 68005187
        },
        {
          "count": 1,
          "id": 72892473
        },
        {
          "count": 1,
          "id": 83764719
        },
        {
          "count": 1,
          "id": 84257640
        },
        {
          "count": 1,
          "id": 85602018
        },
        {
          "count": 1,
          "id": 91595718
        }
      ],
      "Trap": [
        {
          "count": 1,
          "id": 4206964
        },
        {
          "count": 1,
          "id": 12607053
        },
        {
          "count": 1,
          "id": 17814387
        },
        {
          "count": 1,
          "id": 44209392
        },
        {
          "count": 1,
          "id": 50045299
        },
        {
          "count": 1,
          "id": 77622396
        },
        {
          "count": 1,
          "id": 80604092
        },
        {
          "count": 1,
          "id": 83887306
        }
      ],
      "Monster": [
        {
          "count": 1,
          "id": 6368038
        },
        {
          "count": 1,
          "id": 13039848
        },
        {
          "count": 1,
          "id": 13429800
        },
        {
          "count": 1,
          "id": 13723605
        },
        {
          "count": 1,
          "id": 13945283
        },
        {
          "count": 1,
          "id": 15025844
        },
        {
          "count": 1,
          "id": 16972957
        },
        {
          "count": 1,
          "id": 28279543
        },
        {
          "count": 1,
          "id": 32452818
        },
        {
          "count": 1,
          "id": 36304921
        },
        {
          "count": 1,
          "id": 40374923
        },
        {
          "count": 1,
          "id": 41218256
        },
        {
          "count": 1,
          "id": 41392891
        },
        {
          "count": 1,
          "id": 46461247
        },
        {
          "count": 1,
          "id": 46474915
        },
        {
          "count": 1,
          "id": 46986414
        },
        {
          "count": 1,
          "id": 47060154
        },
        {
          "count": 1,
          "id": 48365709
        },
        {
          "count": 1,
          "id": 49218300
        },
        {
          "count": 1,
          "id": 50930991
        },
        {
          "count": 1,
          "id": 54652250
        },
        {
          "count": 1,
          "id": 66672569
        },
        {
          "count": 1,
          "id": 70781052
        },
        {
          "count": 1,
          "id": 86325596
        },
        {
          "count": 1,
          "id": 87557188
        },
        {
          "count": 1,
          "id": 87796900
        },
        {
          "count": 1,
          "id": 90357090
        },
        {
          "count": 1,
          "id": 91152256
        },
        {
          "count": 1,
          "id": 93221206
        }
      ]
    }
  },
  {
    "title": "Starter Deck: Kaiba",
    "id": "Starter Deck: Kaiba",
    "game": "Yu-Gi-Oh",
    "format": "Classic",
    "cardCount": 50,
    "createdAt": "2025-04-21T14:02:25.161Z",
    "lastModifiedAt": "2025-04-21T14:03:45.803Z",
    "deckList": {
      "categoriesOrder": [
        "Monster",
        "Trap",
        "Spell"
      ],
      "Monster": [
        {
          "count": 1,
          "id": 1184620
        },
        {
          "count": 1,
          "id": 1784619
        },
        {
          "count": 1,
          "id": 5053103
        },
        {
          "count": 1,
          "id": 6285791
        },
        {
          "count": 1,
          "id": 7089711
        },
        {
          "count": 1,
          "id": 10202894
        },
        {
          "count": 1,
          "id": 15303296
        },
        {
          "count": 1,
          "id": 17985575
        },
        {
          "count": 1,
          "id": 21263083
        },
        {
          "count": 1,
          "id": 24611934
        },
        {
          "count": 1,
          "id": 26378150
        },
        {
          "count": 1,
          "id": 30113682
        },
        {
          "count": 1,
          "id": 31122090
        },
        {
          "count": 1,
          "id": 41949033
        },
        {
          "count": 1,
          "id": 45121025
        },
        {
          "count": 1,
          "id": 46461247
        },
        {
          "count": 1,
          "id": 47060154
        },
        {
          "count": 1,
          "id": 50005633
        },
        {
          "count": 1,
          "id": 54098121
        },
        {
          "count": 1,
          "id": 63308047
        },
        {
          "count": 1,
          "id": 67724379
        },
        {
          "count": 1,
          "id": 68516705
        },
        {
          "count": 1,
          "id": 73481154
        },
        {
          "count": 1,
          "id": 75499502
        },
        {
          "count": 1,
          "id": 76184692
        },
        {
          "count": 1,
          "id": 81057959
        },
        {
          "count": 1,
          "id": 89494469
        },
        {
          "count": 1,
          "id": 89631139
        },
        {
          "count": 1,
          "id": 91939608
        },
        {
          "count": 1,
          "id": 97360116
        },
        {
          "count": 1,
          "id": 97590747
        }
      ],
      "Trap": [
        {
          "count": 1,
          "id": 4206964
        },
        {
          "count": 1,
          "id": 17814387
        },
        {
          "count": 1,
          "id": 24068492
        },
        {
          "count": 1,
          "id": 44209392
        },
        {
          "count": 1,
          "id": 77622396
        },
        {
          "count": 1,
          "id": 80604092
        },
        {
          "count": 1,
          "id": 83887306
        }
      ],
      "Spell": [
        {
          "count": 1,
          "id": 4614116
        },
        {
          "count": 1,
          "id": 17092736
        },
        {
          "count": 1,
          "id": 19159413
        },
        {
          "count": 1,
          "id": 19523799
        },
        {
          "count": 1,
          "id": 43973174
        },
        {
          "count": 1,
          "id": 51482758
        },
        {
          "count": 1,
          "id": 53129443
        },
        {
          "count": 1,
          "id": 66788016
        },
        {
          "count": 1,
          "id": 81820689
        },
        {
          "count": 1,
          "id": 83764719
        },
        {
          "count": 1,
          "id": 86318356
        },
        {
          "count": 1,
          "id": 98374133
        }
      ]
    }
  }
]